Product,Price
"CADDLE & TOES Kids Camera for Girls Boys, Kids Selfie Camera Toy 13MP 1080P HD Digital Video Camera for Toddler, Christmas Birthday Gifts for 3-10 Years Old Children (Multicolor)  ",895.0
"Toyshine Fish Catching Game Big with 26 Fishes and 4 Pods, Includes Music and Lights (MIX Color)  ",901.0
"Little's Junior Ring (Plastic,Multicolour)  ",142.0
"Blue Tree School Bagback for Kids 3-5 Years Soft Toy Bags Birthday Return Gift, School Bag.  ",376.0
KHUSH Car Shaped Building Blocks for Kids with Wheel ( 56 Pieces Small Size ) Toys and Games for Children with Smart CarryToys for Kids (Multicolour)  ,210.0
DZert Kids School Bag Soft Plush Backpacks Cartoon Boys Girls Baby (2-5 Years)  ,239.0
aim wooden slate with line & squres for kids wooden slate with four lines for handwriting and number writing two side writing slate for kids 14 x 10-Black  ,310.0
ESnipe Mart Education Kids Laptop LED Screen English Learning Computer Toy (Assorted)  ,599.0
"FunBlast Building Blocks for Kids with Wheel, Bag Packing, Best Toy for Kids/Boys/Children, Block Game (Multicolor, 34 Pcs and 16 Wheels) - 50 Pieces  ",370.0
"TEC TAVAKKAL Construction Vehicles Set, 4 Pack DIY Take Apart Toys Construction Trucks with 1 Screwdriver Tools, Kids Building Cars Birthday for Boys Toddlers 1 to 10 Year Old (B08KHL5RFY)  ",659.0
Wembley Wooden ABCD Blocks for Kids 3 Years Alphabets for Kids Learning Educational Toy ( Capital Letter ) - ISI 9873(Part-1) BIS Approved  ,299.0
"Pulsbery Smart Stick Building Blocks Toys - Smart Stick With Different Shapes Block Game For 3-8 Years Old Kids Boys & Girls, Multicolor, 200 Piece, Multicolor (Kids Building Block Toy)  ",289.0
"Sarvda Basket Ball for Kids Toys for Boys and Girls Kids Basketball Portable Set with Hanging Board, Ring Net, Ball Indoor and Outdoor Games Good Pastime Birthday and Return Gift Set Standard  ",296.0
"YAGVIZ Hop Ball for Kids Ages 3-6 Year, Sit and Bounce Rubber Hop Ball for Boys Girls Toys, Jumping Balls for Kids, Bouncing Inflatable Sit and Bounce Hop Ball for Child,Size: 65 cm (Multi Color)  ",489.0
"Smoneo Wooden 4 Shape Sorting & Stacking Toys for Toddlers, Montessori Color Recognition Stacker, Early Educational Blocks Puzzles 1-3 Years Old Age Boys and Girls (4 Shapes)  ",455.0
"GOODNIGHT GOODNIGHT CONSTRUCTION SITE: (Matching Games for 2-4 Year Olds, Matching Games for Kids, Memory Matching Games)  ",455.0
"Verat Wooden Sorting & Stacking Toy, Shape Sorter Toys for Toddlers, Montessori Color Recognition Stacker, Early Educational Blocks Puzzles 1 2 3 Years Old Age Boys and Girls (5 Shapes) Toys  ",375.0
TOY FUN Animal Train Set Building Blocks Set for Kids Age 3 Years and Above  ,499.0
"Kids Preschool Learning Toddler Book 36 Pages and a Smart Talking Pen, Learn to Read Kids Toys for Brain Development, Educational and Learning Toys for 3 Year olds + (Standard)  ",498.0
"FunBlast Click and Catch Twin Ball Game Indoor Outdoor Toy Set, Pop & Catch Ball Play Fun Boys & Girls (Color May Vary)  ",223.0
"Funskool Star Links, Multicoloured Interlocking Learning Educational Blocks, Improves Creativity And Construction Blocks For Kids, 6 Months & Above, Infant and Preschool Toys  ",137.0
"FABITON Baby's First Blocks Shape Sorter Toy Colour Shape ABCD Developmental Educational Learning Activity Toy for 1 2 3 Year Old Boys, Girls (Multicolour)  ",379.0
"Galaxy Hi-Tech Luxury Sweet Shopping Battery Operated Plastic Ice Cream Trolley Pretend Role Play Educational Toy Set with 360° Rotation, LED, Music for Kids (Multicolour) - Pack of 30 Pcs  ",679.0
"Toyshine Big Transparent Bump and Go Train with 3D Lightning, Moving Gears and Music | Birthday Toy Gift for 2-5 Year Old Boy, Girl, Baby - Numbers  ",806.0
Bags Kids Velvet White Pink Cute Kitty School Bag Travelling Bag Pink for Girlfriend/Birthday Gift/Boy/Girl 2-5 Years  ,168.0
ESnipe Mart Interactive E Learning Children Book Musical English Educational Phonetic Learning Book for 3+ Years ( Multicolor )  ,699.0
BlackZone® Toys Unbreakable Building Blocks Game Toy Set with Wheels Playset for 3-8 Years Old Kids Boys & Girls Random Color75+ Piece (Pipe Puzzle Building Block Toys)  ,489.0
"Smartivity Jungle Explorer Activity Kit for 3 to 5 Years Kids | 5 in 1 Fun Activities - Tree House, Drinking Tree Science Experiment, Rocking Elephant & More | Perfect Gift Toys / Games for Girls & Boys age 3,4 5 Years | Designed with Child Development Specialists for Learning & Development for Age 3,4,5 | Made in India By IIT Alumni  ",579.0
ToyKraft: Sequin Craft for Kids Pictures - Fish | Sequin Craft | Gift for Girls Boys | Art and Craft for 3-5 Year olds | Toddler Toys Games  ,275.0
ButterflyEdufields Memory Matching Game for Kids Age 3 4 5 6 7 8 | Memory Card Matching Games for Kids Concentration | Brain Games for Kids 3 and up with 16 Theme Cards  ,359.0
"VGRASSP Walkie Talkie Toys for Kids 2 Way Radio Toy for 3-12 Year Old Boys Girls, Up to 20 Meter Outdoor Range Yellow  ",599.0
Minna BAZZAR Plastic Electric Train Set for Kids with Track Set Battery Operated Electric Train Toys for Kids Educational Train for Kids 3 Years +  ,449.0
"Frank - 10209 Fruits, Animals Puzzle for 3 Year Old Kids and Above (Multicolor, Pack Of 1)  ",69.0
"Toyshine 120 pcs 12 Color Wooden Dominos Blocks Set, Kids Game Educational Play Toy, Domino Racing Toy Game  ",249.0
Frank - 10202 The Jungle Puzzle for 3 Year Old Kids and Above  ,70.0
"AEXONIZ TOYS 100 Piece Wooden Building Blocks Toy for Kids,Block Game for 3-8 Years Old Kids Boys & Girls,Random Color ( Domino Block Toys for Kids )  ",319.0
HERO KIDS EDUCATION TOYS REWRITABLE LCD TABLET (GIFT FOR BOYS GIRLS) (RETAIL AND OFFICE PAPER PAD)  ,219.0
GoodLuck Baybee 2 in 1 Baby Rocking Horse Toy Ride On Kids Rocker with Music and LED Light Indoors & Outdoors Made in India for 1-3 Years Kids Car Rider Babies (Blue)  ,219.0
Activity Books for Kids - Set of 2 Books (My Super Big Activity Book & My Big Colouring Book) | Age 3-6 Years | Jumbo Sized  ,375.0
"Arnamor Smart Stick Building Blocks Toys - Smart Stick with Different Shapes Block Game for 3-8 Years Old Kids Boys & Girls, Multicolor (Kids Building Block Toy)  ",249.0
Babique Ball Numeric Plush Soft Toy Cute Kids Birthday Animal Baby Boys/Girls (25 cm)  ,174.0
"Kitchen Cooking Pretend Play Set Suitcase Toy, Gift for Boys Girls 3-8 Years Old Kids Great Gift ( Kitchen Set for kids girl) (Kitchen Suitcase Toy)  ",397.0
"Sajani Smart Phone Cordless Feature Mobile Phone Toys Mobile Phone for Kids Phone Small Phone Toy Musical Toys for Kids Smart Light Birthday Gifts for Boys, Girls -Kimi Rabbit Phone  ",395.0
Lefan® Body Part Puzzle Kids Wooden Toys for Kids 3 + Jigsaw Puzzles for Adults Baby Learning Toys Educational Toys for 2 Board Game  ,249.0
Shopme store Trending Baby Horse Rider for Kids 1-5 Years Birthday Gift for Kids/Boys/Girls/Horsey Rocker/Ride-on Toy for Kids (Multi-Color)  ,633.0
Panku Toy Store Kids School Bag Soft Plush Backpacks Cartoon Boys Girls Baby (2-5 Years)  ,164.0
"AEXONIZ TOYS Tablet /Laptop/Notebook/Computer Toy for Kids ABC and 123 Learning for Kids with Words,Sounds & Music,for 3+ Year Old's Girls and Boys  ",799.0
"Toyshine Concept Musical and 3D Lights Kids Transparent Car, Toy for 2-5 Year Kids Baby Toy (Battery Included)  ",455.0
Black Hill Cute Kids Backpack Toddler Bag Plush Animal Cartoon Mini Travel Bag for Baby Girl Boy 1-6 Years (New Butterfly)  ,285.0
JAPSI Indian Train Replica ;Plastic Passenger Train ; Toy Train for Kids ; Battery Operated Train ; Blue 7 Red Color ; Age 3 Years & Above  ,665.0
"Sartham, Building Block Toy for Kids | Age 3 to 10 Years (Multicolor) | Large 7.5 Centimeters Blocks  ",189.0
SUPER TOY 8.5 Inch LCD Writing Tablet E-Notepad Ruff Pad (Multicolor)  ,270.0
"MINDMAKER - Writing Patterns Practice Writing Boards for Kids - Wooden Educational Toys for Kids 3 Years Or 2-4 Years Old, Patterns Tracing Boards, Learning Wooden Toys-Brown  ",695.0
Ratna's Educational Art & Craft Stamp Art Bird Big with 12 Different Bird Stamps for Kids Ages 3+  ,393.0
"Evolife® Kids Baby Magic Ride on Push Car with Backrest Musical Horn for Children Kids Toy Ride-on, Kids Toys, Toddler Baby Toy Baby Car Suitable for Kids Boys & Girls Age 1-3 Years Old (Red)  ",899.0
"Toyshine Transparent Train Concept Musical and 3D Lights Kids Transparent Car, Toy for 2-5 Year Kids Baby Toy  ",695.0
"PRIPUNK Educational Multicolor Building and Brain Learning Building Blocks Toys for Kids, Girls & Boys, Including Wheels, Train Engine Best Gift for Kids Toy - Multicolor, 3 Years 110+ Pieces  ",329.0
JBRD TOYS Manan 2-in-1 Plastic Horse Rider/Rocker for Kids (White and Red)  ,678.0
"FunRide Kids Ride-On GAFFY Push Car - Toy Car Rider for Baby with Music Horn , Backrest and Under Seat Storage Utility Box for Toys - Suitable for Boys and Girls of Age 1 Year to 3 Years  ",678.0
"KHUSH Unbreakable New Building Block Set for 3-8 Years Old Kids Boys & Girls,50+ Piece ( Random Color Building Block Toys )  ",199.0
LUCHILA 32 Pieces Magnetic Fish Catching Game Fishing Game with Music with 4 Rotating Fish Ponds with 4 Magnetic Sticks | Best Toy for Kids 3-8 Years | Assorted Colors  ,599.0
"Sarvda Basket Ball for Kids Basketball Set with 1 Extra Ball Toys for Boys and Girls Portable Set with Hanging Board, Net, 2 Ball, Indoor Outdoor Games Birthday Return Gift Standard  ",328.0
"Cable World Transparent 3D Bus Toy 360 Degree Rotation, Gear Simulation Mechanical Bus Sound and Light Toy for 2-5 Years Boys and Girls  ",631.0
"Baybee Noddy Ride on Baby Car for Kids, Baby Ride on Car with Music & Horn Button-Kids Ride On Push Car for Children | Ride on Toys Kids Baby Car | Ride on Car for Kids 1 to 3 Years Boy Girl (Red)  ",631.0
"Party Propz Water Doodle Mat For Kids - Doodle Board For Kids, Painting Board For Kids Toy Mat - Toys For 1 Year Old Boy, 4 Years Girls, Age 6, Drawing Magic Pens Educational Toys Age 2 3 4 5 6 7 Year Old Gift  ",649.0
DZert Soft Plush Minnie and Doramon School Bag (2-5 Years) - Pack of 2  ,399.0
"HK Toys Strike Projection Light & Music Gun Toys for Kids Boys & Girls Above 3 Years- Multi Color,Standard  ",300.0
"E-ROYAL SHOP 30 Activities Learning Book, Electronic Intelligent Book with All Learning Materials with Clear Voice with Touch Sensors for Kids | Multi Color  ",639.0
"Toyshine Concept Musical and 3D Lights Kids Transparent Car , Toy for 2 to 5 Year Kids Baby Toy, Multicolor  ",432.0
Dillard's Kids Magic Swing Car Ride On Push Rider with Music for Girls & Boys (Blue)  ,999.0
Amazon Brand - Solimo Red & Yellow Giraffe Slide  ,999.0
"CADDLE & TOES Baby Piano Xylophone Toy for Toddlers 1-3 Years Old, 8 Multicolored Key Keyboard Xylophone Piano, Preschool Educational Musical Learning Instruments Toy for Baby Kids Girls Boys (Small)  ",489.0
"Smoneo Wooden Sorting & Stacking Toy, 4 Shape Sorter Toys for Toddlers, Montessori Color Recognition Stacker, Early Educational Blocks Puzzles 1-3 Years Old Age Boys and Girls (4 Shapes)  ",340.0
"Toyshine 2 in 1 Baby Piano Xylophone Toy for Toddlers 1-3 Years Old, 8 Multicolored Key Keyboard Xylophone Piano, Preschool Educational Musical Learning Instruments Toy for Baby Kids Girls Boys  ",798.0
"FunBlast Building Blocks for Kids, (72 Pieces Blocks) House Building Blocks with Windows, Block Game for Kids (Multicolor) (House Block)  ",357.0
"Petrichor Water Drawing Books, Mess-Free Coloring Books for Toddlers, Water Doodle Painting Book with Pen, Educational Birthday Gift Toys for Kids Girls Boys (space)  ",150.0
"BuGBee Abcd Puzzle Toys for Kids, Alphabet Wooden Puzzle Wooden Toys for Toddler baby Learning Toy Educational Toys toddler baby toys jigsaw puzzles for boys & Kids Wooden Peg Puzzle board Games for kids Age 2 3 Years Old Child Children Boys Girls (Alphabet Puzzle)  ",249.0
"Twizzle Baby Horse Rider for Kids 1-5 Years Birthday Gift for Kids ,Car Ride on Toy , Swing Toys for Baby ,Horse Rocker , Horse Rider for Kids, Musical Horse Rider (Rio Blue Horse)  ",249.0
"JOYLAND Latest Power Introduce Remote Control Fast Modern Racing Car with 3D Light Go Forward, Backward, Stop, Car Indoor and Outdoor 3 Year (Sent as per Available Colours in Stock)  ",335.0
Toyzone Impex Pvt Ltd Derby Horse Kids Rider -Multicolour  ,335.0
"blue tree Kid's Cute Bag Plush Animal Cartoon Mini Travel Backpack, Red, 1-6 Years  ",278.0
BuGBee Number shapes learning toys for kids Toddler Puzzles for Kids Ages 2-4-8 Montessori Wooden Puzzles for Children 3-5 Years Old – Preschool Game for Learning Numbers and shapes - Gift Toys for Boy and Girl  ,399.0
Shopme store Trending Baby Horse Rider for Kids 1-5 Years Birthday Gift for Kids/Boys/Girls/Horsey Rocker/Ride-on Toy for Kids (Multicolored)  ,639.0
Chocozone USB Rechargable Suspended Hoverball Soccer Ball Disc with Foam Bumpers Toys for 3+ Years Old Boys & Girls Indoor Games Football for Kids  ,599.0
"Chalk and Chuckles Sort in The Box - Sorting, Matching Learning Activity for Kids Age 3-6 Years, Educational STEM Toys for 2 Year Old and Up  ",899.0
"Baybee Lambo Push Ride on Kids Car, Baby Ride on Push Car for Kids with Music & High Backrest | Kids Baby Big Car Ride on Toys | Ride on Baby Car for Kids to Drive 1 to 3 Years Boys Girls (Yellow)  ",899.0
TANMAN TOYS 32 Pieces Magnetic Fish Catching Game Fishing Game with Music with 4 Rotating Fish Ponds with 4 Magnetic Sticks | Best Toy for Kids 3-8 Years | Assorted Colors  ,549.0
PLUSPOINT Exclusive Collection of Construction Vehicles for Kids Pretend Play Toy Trucks Play Set Building Vehicles Set for Kids 3-14 Years. (Toy Truck) Multicolor  ,499.0
Wembley Wooden Abacus Kit for Kids for 3 Years and Above Counting Toys for Kids Learning Educational Toys Puzzle - Make in India - BIS Certified ISI Mark  ,489.0
Itoys Disney Mickey 5 In 1 Multicolor Writing Board For Kids With Activity Sheets  ,787.0
ARHA IINTERNATIONAL Kids Toys Robot Car for 3 Year Old Boys and Childrens  ,499.0
Peppa Pig: Mummy and Me Sticker Colouring Book  ,182.0
"Kipozy Pipe Puzzles Building Blocks Toy Game Set for 3-8 Years Old Kids Boys & Girls,Multicolor,85 Piece (Kids Building Block Set)  ",349.0
AEXONIZ TOYS Push & Pull Along Friction Power Toy Truck Car Vehicle Push and Go Crawling Toys for 3-10 Years Old Kids (6 Piece Small Metal Car Toy for Kids)  ,699.0
"Colgate Barbie Toothbrush for kids, Battery Powered Electric Toothbrush, Age 3+, Kids toothbrush with Extra Soft Bristles and Slim Handle, Includes Replaceable Batteries  ",449.0
"PATPAT® Flash Cards for Kids,Early Learning Toys for Kids Educational Toys Flash Cards Matching Letter Game Kid Games Toys for 3-8 Year Old Birthday Gift for Girls Boys - Orange  ",693.0
